{
  "project_info": {
    "project_number": "434430511453",
    "firebase_url": "https://raghu-5c527.firebaseio.com",
    "project_id": "raghu-5c527",
    "storage_bucket": "raghu-5c527.appspot.com"
  },
  "client": [
    {
      "client_info": {
        "mobilesdk_app_id": "1:434430511453:android:4e2fc62471f49026",
        "android_client_info": {
          "package_name": "com.example.android.raghu"
        }
      },
      "oauth_client": [
        {
          "client_id": "434430511453-jcopl00be2vc22c5e1gvf32jlqu9u73a.apps.googleusercontent.com",
          "client_type": 1,
          "android_info": {
            "package_name": "com.example.android.raghu",
            "certificate_hash": "decf1f464dd23350866b0419053efbe29a5aaaad"
          }
        },
        {
          "client_id": "434430511453-poo9j1j97mr6jpt6e0cur2kt9d9mnncb.apps.googleusercontent.com",
          "client_type": 3
        }
      ],
      "api_key": [
        {
          "current_key": "AIzaSyACOnGW6BksULeL154t0PYZOsdSMwuaoAY"
        }
      ],
      "services": {
        "analytics_service": {
          "status": 1
        },
        "appinvite_service": {
          "status": 2,
          "other_platform_oauth_client": [
            {
              "client_id": "434430511453-poo9j1j97mr6jpt6e0cur2kt9d9mnncb.apps.googleusercontent.com",
              "client_type": 3
            }
          ]
        },
        "ads_service": {
          "status": 2
        }
      }
    }
  ],
  "configuration_version": "1"
}